[
{
    "Date": "When: October 14 2023",
    "location": "Dépanneur Parisoir 598 Boulevard Decarie, Saint-Laurent , QC", 
    "Walk_Length":"How long is the walk: 6 mins from home" ,
    "Items_Bought":"Items purchased: popcorn, wine ",
    "Purchase_feeling":"How did you feel about the purchase: pretty good",
    "Depanneur_choice_reson": "Why did you choose this depanneur: more options"

},
{
    "Date": "October 15 2023",
    "location": "Couche-Tard 10 Sainte Croix Ave, Saint-Laurent, QC", 
    "Walk_Length":"How long is the walk: 12 mins from home" ,
    "Items_Bought":"Items purchased: coca-cola zero, gum, Tim Horton coffee",
    "Purchase_feeling":"How did you feel about the purchase: happy",
    "Depanneur_choice_reson": "Why did you choose this depanneur: It has a Tim Hortons inside it"

},
{
    "Date": "October 16 2023",
    "location": "Depanneur de la savane 8261 Decarie blvd, Montreal, QC", 
    "Walk_Length":"How long is the walk: 3 mins from vet clinic" ,
    "Items_Bought":"Items purchased: Cigarettes, gummy candy",
    "Purchase_feeling":"How did you feel about the purchase: kind of bad because of bad habits",
    "Depanneur_choice_reson": "Why did you choose this depanneur: I was at a vet clinic and it was the nearest"

},
{
    "Date": "October 17 2023",
    "location": "Marche H Grou inc. 1353 du collage st, Saint-Laurent, QC", 
    "Walk_Length":"How long is the walk: 2 mins from home" ,
    "Items_Bought":"Items purchased: toilet paper, instant ramen noodles",
    "Purchase_feeling":"How did you feel about the purchase: relieved",
    "Depanneur_choice_reson": "Why did you choose this depanneur: the closest and I’m lazy to go anywhere else!"
}

]

